Model Name,Temperature,Lead Information,Prompt,Email Subject,Email Body,Lead Response,Lead Status,Agent Response
Cohere's command,0.2,Thanks for reaching out. Our procurement team is actively looking for potential consultants. Can you please get in touch with them at procure@centdoc.io,"Subject Prompt              Output a subject for a cold email no more than 30 characters to Yaqub Qamar Ad Din Dibiazah              of Imaarat Tech from Antematter is a Software firm that develops and improves cutting-edge solutions using Blockchain & AI with one guarantee: maximum performance, in every sense of the word. who are looking for a Software Consultancy Provider.             In the output only give me the subject nothing else.             Email: Prompt             Write a cold email to Yaqub Qamar Ad Din Dibiazah of Imaarat Tech who are looking for a Software Consultancy Provider for             the following reasons In the past, the company encountered an issue where their product manuals became out of sync with the software documentation. As the development teams continued to add new features and refine existing ones, they also updated the documentation. However, this required manual synchronization between the product manuals and the software documentation.    To address this problem, the company has envisioned a solution called ""CentDoc"". This tool will automatically detect any inconsistencies between the product manuals and software documentation. It will then remove outdated information from the manuals using the software documentation, but only after receiving explicit approval from the user.. The email is to introduce Antematter which is is a Software firm that develops and improves cutting-edge solutions using Blockchain & AI with one guarantee: maximum performance, in every sense of the word..              Inquire about Imaarat Tech potential scope and budget.                          The output email should have the following format:             - Introduction             - Antematter's value proposition             - Asking for more information regarding the scope and budget           ",Antematter Partnership Opportunities. ,"Dear Yaqub Qamar Ad Din Dibiazah, 

My name is [Your Name], and I am thrilled to introduce you to Antematter, a visionary Software Consultancy Firm with a passion for developing and optimizing cutting-edge solutions. Our expertise lies in harnessing the power of Blockchain and AI to deliver performance that exceeds expectations.

We couldn't help but notice Imaarat Tech's quest for a reliable Software Consultancy Provider who can assist in resolving the challenge of keeping product manuals synchronized with software documentation. Imaarat Tech's vision for a tool like ""CentDoc"" is a testament to your innovative spirit, and we are confident that our skills and expertise align perfectly with the requirements of this project.

At Antematter, we place a strong emphasis on delivering value to our clients. Our teams meticulously analyze project requirements and develop tailored solutions to ensure seamless integration and optimal performance. We prioritize clear communication and collaboration closely with our clients at every stage of development.

Our primary objective is to delve deeper into understanding Imaarat Tech's envisioned scope and budget for the ""CentDoc"" tool. We would appreciate any insights you can provide regarding the features and timelines you aim to achieve. Rest assured, our team is ready to assist you in redefining the standards of excellence in your industry.

Yaqub, we would be delighted to schedule a call or meet in person at your convenience to further discuss how we can create a powerful alliance and bring your innovative ideas to life. 

Sincerely, 
[Your Name]
Antematter 
[Signature] 

P.S. As a highly skilled Software Consultancy Firm, we guarantee maximum performance in every sense of the word. Our expertise in Blockchain and AI will ensure your vision reaches its full potential.",Thanks for reaching out. Our procurement team is actively looking for potential consultants. Can you please get in touch with them at procure@centdoc.io,ESCALATED,NULL
Cohere's command,0.2,"Thank you for contacting us. Please find the attached scope document with this email. We do not have a specific budget in mind, and we are relying on you to provide us with an estimate.","Subject Prompt              Output a subject for a cold email no more than 30 characters to Joe Steve              of Anz LLC from Antematter is a Software firm that develops and improves cutting-edge solutions using Blockchain & AI with one guarantee: maximum performance, in every sense of the word. who are looking for a Software Consultancy Provider.             In the output only give me the subject nothing else.             Email: Prompt             Write a cold email to Joe Steve of Anz LLC who are looking for a Software Consultancy Provider for             the following reasons Anz LLC is a company that creates SEO-enabled internet content for small businesses. They have a team of 20 members who write content for various products offered by different businesses. The team now plans to utilize generative AI to expedite the writing process, which will facilitate scaling for them.. The email is to introduce Antematter which is is a Software firm that develops and improves cutting-edge solutions using Blockchain & AI with one guarantee: maximum performance, in every sense of the word..              Inquire about Anz LLC potential scope and budget.                          The output email should have the following format:             - Introduction             - Antematter's value proposition             - Asking for more information regarding the scope and budget           ",Antematter Collaboration [Subject] ,"Hi Joe,

I hope this email finds you well. I came across Anz LLC while looking into potential clients in need of software consultancy, and was intrigued by your focus on creating SEO-enabled content for small businesses.

I am reaching out on behalf of Antematter, a software firm with expertise in developing and improving solutions that leverage the capabilities of both Blockchain and AI. Our goal is to guarantee maximum performance for our clients in every sense of the word.

After reading about your plans to incorporate generative AI into your content creation process, I believe Antematter can greatly assist you in identifying and implementing the best solutions for your needs. 

Could you please provide some more information about the scope of the projects and the budget you have in mind for these initiatives? This will help us understand your requirements and determine how we can provide the best value for your team.

Looking forward to potentially working with you and helping Anz LLC scale your content creation process efficiently. 

Best,
[Your Name]
Antematter Ltd.","Thank you for contacting us. Please find the attached scope document with this email. We do not have a specific budget in mind, and we are relying on you to provide us with an estimate.",ESCALATED,NULL
Cohere's command,0.2,"For the scope of this project, we require a solution that is similar to Github's autopilot. Our budget for this commitment is $200,000,000. We would like you to send us a proposal outlining your offering, including the features you would provide. Additionally, please include a comparison with Github's autopilot.","Subject Prompt              Output a subject for a cold email no more than 30 characters to Sophia Rodriguez              of TechSprint Innovations from Antematter is a Software firm that develops and improves cutting-edge solutions using Blockchain & AI with one guarantee: maximum performance, in every sense of the word. who are looking for a Software Consultancy Provider.             In the output only give me the subject nothing else.             Email: Prompt             Write a cold email to Sophia Rodriguez of TechSprint Innovations who are looking for a Software Consultancy Provider for             the following reasons TechSprint Innovations is focused on automating the coding process to enhance development speed and accuracy. As the Lead Developer, Sophia Rodriguez spearheads the implementation of AutoCode, an innovative tool designed to automatically generate code snippets based on predefined patterns. This aims to streamline the coding workflow and boost overall development efficiency.. The email is to introduce Antematter which is is a Software firm that develops and improves cutting-edge solutions using Blockchain & AI with one guarantee: maximum performance, in every sense of the word..              Inquire about TechSprint Innovations potential scope and budget.                          The output email should have the following format:             - Introduction             - Antematter's value proposition             - Asking for more information regarding the scope and budget           ",Antematter Collaboration for TechSprint Innovations - Load Speedier Solutions! ,"Dear Sophia,

I hope this email finds you well. I am reaching out from Antematter, a Software firm with a passion for developing and improving cutting-edge solutions using Blockchain & AI. Our team is dedicated to ensuring our clients receive the best performance possible, in every sense of the word. 

I came across your company, TechSprint Innovations, and was intrigued by your focus on automating the coding process to enhance development speed and accuracy. As a Lead Developer, I believe that Antematter would be a valuable asset in helping you achieve your goals. 

With our expertise, we can offer guidance, support, and industry knowledge to help you achieve maximum results. I would love to learn more about your company and its specific needs to determine how we can best assist you. 

Could you please provide more information on the scope and budget of your current projects? This would allow us to tailor our services to your requirements effectively. 

I appreciate your time and consideration and look forward to the possibility of working with you. 

Best regards, 
[Your Name]
Antematter Inc.","For the scope of this project, we require a solution that is similar to Github's autopilot. Our budget for this commitment is $200,000,000. We would like you to send us a proposal outlining your offering, including the features you would provide. Additionally, please include a comparison with Github's autopilot.",ESCALATED,NULL
Cohere's command,0.2,"Hi. As we're starting out, our budget for this is $25k and we want a mobile app.","Subject Prompt              Output a subject for a cold email no more than 30 characters to Ayesha Raza              of LuxeDrive Rentals from Antematter is a Software firm that develops and improves cutting-edge solutions using Blockchain & AI with one guarantee: maximum performance, in every sense of the word. who are looking for a Software Consultancy Provider.             In the output only give me the subject nothing else.             Email: Prompt             Write a cold email to Ayesha Raza of LuxeDrive Rentals who are looking for a Software Consultancy Provider for             the following reasons LuxeDrive Rentals specializes in providing luxury car rental services, offering an exclusive fleet of high-end vehicles. Isabella Thompson, the Marketing Manager, is spearheading the initiative to establish a strong online presence. The company envisions a complete mobile solution, CarElite, tailored to showcase their premium car collection, facilitate seamless bookings, and enhance the overall customer experience.. The email is to introduce Antematter which is is a Software firm that develops and improves cutting-edge solutions using Blockchain & AI with one guarantee: maximum performance, in every sense of the word..              Inquire about LuxeDrive Rentals potential scope and budget.                          The output email should have the following format:             - Introduction             - Antematter's value proposition             - Asking for more information regarding the scope and budget           ",Antematter LuxeDrive Partnership ,"Dear Ayesha Raza, 

My name is Daniel, and I am part of Antematter's business development team. We are a software firm that specializes in developing and improving blockchain and AI technologies to guarantee maximum performance for our clients. 

I came across LuxeDrive Rentals, which specializes in providing luxury car rental services, and I believe that our team at Antematter can greatly contribute to the development of CarElite, your envisioned mobile solution. 

As a highly capable software consultancy provider, our team is more than equipped to help you establish a strong online presence for your business and improve the user experience for your customers. We provide a wide array of software services that can help you achieve your goals and take your business to the next level. 

I would love to learn more about LuxeDrive Rentals' scope for this project and any available budget for it. I am confident that we can create a beautiful partnership and accomplish great things together. 

Thank you for considering our offer. I am excited to further discuss the opportunity with you. 

Best regards, 
Daniel

---

Introduction:
Introduce yourself as part of the business development team at Antematter and express interest in potentially working with LuxeDrive Rentals to develop their mobile solution, CarElite. 

Antematter's Value Proposition:
Mention that Antematter is a software firm that guarantees maximum performance through the use of blockchain and AI technologies. 

Inquire about Scope and Budget:
Express interest in learning more about LuxeDrive Rentals' scope for the project and any available budget for it. Let them know that you believe there is a potential for a successful partnership. 

Conclusion:
Conclude the email with a friendly sign-off, expressing your excitement about the opportunity to discuss the offer further. 

The email follows the specified format and presents a professional cold email introducing Antematter to LuxeDrive Rentals, expressing","Hi. As we're starting out, our budget for this is $25k and we want a mobile app.",ESCALATED,NULL
